[{"model": "admin.logentry", "pk": 1, "fields": {"action_time": "2024-09-23T08:40:18.591Z", "user": 1, "content_type": 7, "object_id": "1", "object_repr": "Милена Есенина - ТРЕНЕР ПО ПИЛАТЕСУ", "action_flag": 1, "change_message": "[{\"added\": {}}]"}}, {"model": "admin.logentry", "pk": 2, "fields": {"action_time": "2024-09-23T08:41:28.584Z", "user": 1, "content_type": 7, "object_id": "2", "object_repr": "Виктория Валиева - ТРЕНЕР ПО СИЛОВЫМ ТРЕНИРОВКАМ И TRX", "action_flag": 1, "change_message": "[{\"added\": {}}]"}}, {"model": "admin.logentry", "pk": 3, "fields": {"action_time": "2024-09-23T08:42:06.205Z", "user": 1, "content_type": 7, "object_id": "3", "object_repr": "Алена Стрелецкая - ТРЕНЕР ПО ЙОГЕ И РАСТЯЖКЕ", "action_flag": 1, "change_message": "[{\"added\": {}}]"}}, {"model": "admin.logentry", "pk": 4, "fields": {"action_time": "2024-09-23T08:42:36.379Z", "user": 1, "content_type": 7, "object_id": "4", "object_repr": "Карина Осипова - ТРЕНЕР ПО ТАНЦАМ", "action_flag": 1, "change_message": "[{\"added\": {}}]"}}, {"model": "admin.logentry", "pk": 5, "fields": {"action_time": "2024-09-23T08:45:42.986Z", "user": 1, "content_type": 8, "object_id": "1", "object_repr": "Пилатес", "action_flag": 1, "change_message": "[{\"added\": {}}]"}}, {"model": "admin.logentry", "pk": 6, "fields": {"action_time": "2024-09-23T08:46:25.417Z", "user": 1, "content_type": 8, "object_id": "2", "object_repr": "Йога", "action_flag": 1, "change_message": "[{\"added\": {}}]"}}, {"model": "admin.logentry", "pk": 7, "fields": {"action_time": "2024-09-23T08:47:01.175Z", "user": 1, "content_type": 8, "object_id": "3", "object_repr": "Силовая тренировка", "action_flag": 1, "change_message": "[{\"added\": {}}]"}}, {"model": "admin.logentry", "pk": 8, "fields": {"action_time": "2024-09-23T08:47:36.185Z", "user": 1, "content_type": 8, "object_id": "4", "object_repr": "Растяжка", "action_flag": 1, "change_message": "[{\"added\": {}}]"}}, {"model": "admin.logentry", "pk": 9, "fields": {"action_time": "2024-09-23T08:48:11.898Z", "user": 1, "content_type": 8, "object_id": "5", "object_repr": "Танцы", "action_flag": 1, "change_message": "[{\"added\": {}}]"}}, {"model": "admin.logentry", "pk": 10, "fields": {"action_time": "2024-09-23T08:48:39.403Z", "user": 1, "content_type": 8, "object_id": "6", "object_repr": "TRX", "action_flag": 1, "change_message": "[{\"added\": {}}]"}}, {"model": "admin.logentry", "pk": 11, "fields": {"action_time": "2024-09-23T08:49:21.866Z", "user": 1, "content_type": 9, "object_id": "1", "object_repr": "ГОДОВОЙ АБОНЕМЕНТ - 45000 (На один год)", "action_flag": 1, "change_message": "[{\"added\": {}}]"}}, {"model": "admin.logentry", "pk": 12, "fields": {"action_time": "2024-09-23T08:49:48.102Z", "user": 1, "content_type": 9, "object_id": "2", "object_repr": "ПОЛУГОДОВОЙ АБОНЕМЕНТ - 30000 (На 6 месяцев)", "action_flag": 1, "change_message": "[{\"added\": {}}]"}}, {"model": "admin.logentry", "pk": 13, "fields": {"action_time": "2024-09-23T08:50:07.561Z", "user": 1, "content_type": 9, "object_id": "3", "object_repr": "АБОНЕМЕНТ НА МЕСЯЦ - 6000 (На 1 месяц)", "action_flag": 1, "change_message": "[{\"added\": {}}]"}}, {"model": "admin.logentry", "pk": 14, "fields": {"action_time": "2024-09-23T08:51:55.627Z", "user": 1, "content_type": 10, "object_id": "1", "object_repr": "Анна Синицина - Милена Есенина - Я занимаюсь пилатесом в этой студии уже полгода, и...", "action_flag": 1, "change_message": "[{\"added\": {}}]"}}, {"model": "admin.logentry", "pk": 15, "fields": {"action_time": "2024-09-23T08:53:16.348Z", "user": 1, "content_type": 10, "object_id": "2", "object_repr": "Мария Ковалёва - Виктория Валиева - Занятия тут — это невероятный способ снять стресс ...", "action_flag": 1, "change_message": "[{\"added\": {}}]"}}, {"model": "admin.logentry", "pk": 16, "fields": {"action_time": "2024-09-23T08:53:44.929Z", "user": 1, "content_type": 10, "object_id": "3", "object_repr": "Ольга Смирнова - Алена Стрелецкая - Хожу на занятия пилатесом и йогой, и это изменило ...", "action_flag": 1, "change_message": "[{\"added\": {}}]"}}, {"model": "admin.logentry", "pk": 17, "fields": {"action_time": "2024-09-23T08:54:36.520Z", "user": 1, "content_type": 10, "object_id": "4", "object_repr": "Светлана Рыбакова - Виктория Валиева - Силовые тренировки в этой студии помогли мне након...", "action_flag": 1, "change_message": "[{\"added\": {}}]"}}, {"model": "admin.logentry", "pk": 18, "fields": {"action_time": "2024-09-23T08:55:11.944Z", "user": 1, "content_type": 10, "object_id": "5", "object_repr": "Елена Петрова - Карина Осипова - Занятия в этой студии — это настоящий путь к гармо...", "action_flag": 1, "change_message": "[{\"added\": {}}]"}}, {"model": "admin.logentry", "pk": 19, "fields": {"action_time": "2024-09-23T09:30:51.144Z", "user": 1, "content_type": 11, "object_id": "1", "object_repr": "Растяжка - Алена Стрелецкая - 09:00:00 - 10:30:00", "action_flag": 1, "change_message": "[{\"added\": {}}]"}}, {"model": "admin.logentry", "pk": 20, "fields": {"action_time": "2024-09-23T09:31:58.503Z", "user": 1, "content_type": 11, "object_id": "2", "object_repr": "Пилатес - Милена Есенина - 19:00:00 - 20:30:00", "action_flag": 1, "change_message": "[{\"added\": {}}]"}}, {"model": "admin.logentry", "pk": 21, "fields": {"action_time": "2024-09-23T09:32:30.739Z", "user": 1, "content_type": 11, "object_id": "3", "object_repr": "TRX - Виктория Валиева - 09:00:00 - 10:30:00", "action_flag": 1, "change_message": "[{\"added\": {}}]"}}, {"model": "admin.logentry", "pk": 22, "fields": {"action_time": "2024-09-23T09:33:08.983Z", "user": 1, "content_type": 11, "object_id": "4", "object_repr": "Пилатес - Милена Есенина - 15:00:00 - 16:30:00", "action_flag": 1, "change_message": "[{\"added\": {}}]"}}, {"model": "admin.logentry", "pk": 23, "fields": {"action_time": "2024-09-23T09:33:30.380Z", "user": 1, "content_type": 11, "object_id": "5", "object_repr": "Растяжка - Алена Стрелецкая - 19:00:00 - 20:30:00", "action_flag": 1, "change_message": "[{\"added\": {}}]"}}, {"model": "admin.logentry", "pk": 24, "fields": {"action_time": "2024-09-23T09:34:15.066Z", "user": 1, "content_type": 11, "object_id": "6", "object_repr": "Йога - Алена Стрелецкая - 09:00:00 - 10:30:00", "action_flag": 1, "change_message": "[{\"added\": {}}]"}}, {"model": "admin.logentry", "pk": 25, "fields": {"action_time": "2024-09-23T09:34:46.990Z", "user": 1, "content_type": 11, "object_id": "7", "object_repr": "Силовая тренировка - Виктория Валиева - 15:00:00 - 16:30:00", "action_flag": 1, "change_message": "[{\"added\": {}}]"}}, {"model": "admin.logentry", "pk": 26, "fields": {"action_time": "2024-09-23T09:35:53.450Z", "user": 1, "content_type": 11, "object_id": "8", "object_repr": "Пилатес - Милена Есенина - 19:00:00 - 20:30:00", "action_flag": 1, "change_message": "[{\"added\": {}}]"}}, {"model": "admin.logentry", "pk": 27, "fields": {"action_time": "2024-09-23T09:36:33.631Z", "user": 1, "content_type": 11, "object_id": "9", "object_repr": "Йога - Алена Стрелецкая - 09:00:00 - 10:30:00", "action_flag": 1, "change_message": "[{\"added\": {}}]"}}, {"model": "admin.logentry", "pk": 28, "fields": {"action_time": "2024-09-23T09:37:02.156Z", "user": 1, "content_type": 11, "object_id": "10", "object_repr": "Силовая тренировка - Виктория Валиева - 19:00:00 - 20:30:00", "action_flag": 1, "change_message": "[{\"added\": {}}]"}}, {"model": "admin.logentry", "pk": 29, "fields": {"action_time": "2024-09-23T09:37:26.011Z", "user": 1, "content_type": 11, "object_id": "11", "object_repr": "Танцы - Карина Осипова - 09:00:00 - 10:30:00", "action_flag": 1, "change_message": "[{\"added\": {}}]"}}, {"model": "admin.logentry", "pk": 30, "fields": {"action_time": "2024-09-23T09:37:52.233Z", "user": 1, "content_type": 11, "object_id": "12", "object_repr": "TRX - Виктория Валиева - 15:00:00 - 16:30:00", "action_flag": 1, "change_message": "[{\"added\": {}}]"}}, {"model": "admin.logentry", "pk": 31, "fields": {"action_time": "2024-09-23T09:38:20.270Z", "user": 1, "content_type": 11, "object_id": "13", "object_repr": "Растяжка - Алена Стрелецкая - 19:00:00 - 20:30:00", "action_flag": 1, "change_message": "[{\"added\": {}}]"}}, {"model": "admin.logentry", "pk": 32, "fields": {"action_time": "2024-09-23T09:39:50.755Z", "user": 1, "content_type": 11, "object_id": "14", "object_repr": "Растяжка - Алена Стрелецкая - 09:00:00 - 10:30:00", "action_flag": 1, "change_message": "[{\"added\": {}}]"}}, {"model": "admin.logentry", "pk": 33, "fields": {"action_time": "2024-09-23T09:40:10.418Z", "user": 1, "content_type": 11, "object_id": "15", "object_repr": "Танцы - Карина Осипова - 15:00:00 - 16:30:00", "action_flag": 1, "change_message": "[{\"added\": {}}]"}}, {"model": "admin.logentry", "pk": 34, "fields": {"action_time": "2024-09-23T09:40:34.156Z", "user": 1, "content_type": 11, "object_id": "16", "object_repr": "TRX - Виктория Валиева - 19:00:00 - 20:30:00", "action_flag": 1, "change_message": "[{\"added\": {}}]"}}, {"model": "admin.logentry", "pk": 35, "fields": {"action_time": "2024-09-23T09:41:07.397Z", "user": 1, "content_type": 11, "object_id": "17", "object_repr": "Танцы - Карина Осипова - 09:00:00 - 10:30:00", "action_flag": 1, "change_message": "[{\"added\": {}}]"}}, {"model": "admin.logentry", "pk": 36, "fields": {"action_time": "2024-09-23T09:41:30.789Z", "user": 1, "content_type": 11, "object_id": "18", "object_repr": "Пилатес - Милена Есенина - 15:00:00 - 16:30:00", "action_flag": 1, "change_message": "[{\"added\": {}}]"}}, {"model": "admin.logentry", "pk": 37, "fields": {"action_time": "2024-09-23T09:41:57.071Z", "user": 1, "content_type": 11, "object_id": "19", "object_repr": "Силовая тренировка - Виктория Валиева - 19:00:00 - 20:30:00", "action_flag": 1, "change_message": "[{\"added\": {}}]"}}, {"model": "admin.logentry", "pk": 38, "fields": {"action_time": "2024-09-23T09:42:50.241Z", "user": 1, "content_type": 12, "object_id": "1", "object_repr": "Вася Пупкин - ПОЛУГОДОВОЙ АБОНЕМЕНТ", "action_flag": 1, "change_message": "[{\"added\": {}}]"}}, {"model": "admin.logentry", "pk": 39, "fields": {"action_time": "2024-09-23T09:43:13.102Z", "user": 1, "content_type": 13, "object_id": "1", "object_repr": "Вася Пупкин - Растяжка", "action_flag": 1, "change_message": "[{\"added\": {}}]"}}, {"model": "admin.logentry", "pk": 40, "fields": {"action_time": "2024-09-25T10:13:17.884Z", "user": 1, "content_type": 10, "object_id": "5", "object_repr": "Елена Петрова - Карина Осипова - Занятия в этой студии — это настоящий путь к гармо...", "action_flag": 2, "change_message": "[{\"changed\": {\"fields\": [\"Image\"]}}]"}}, {"model": "admin.logentry", "pk": 41, "fields": {"action_time": "2024-09-25T10:13:23.235Z", "user": 1, "content_type": 10, "object_id": "4", "object_repr": "Светлана Рыбакова - Виктория Валиева - Силовые тренировки в этой студии помогли мне након...", "action_flag": 2, "change_message": "[{\"changed\": {\"fields\": [\"Image\"]}}]"}}, {"model": "admin.logentry", "pk": 42, "fields": {"action_time": "2024-09-25T10:13:28.051Z", "user": 1, "content_type": 10, "object_id": "3", "object_repr": "Ольга Смирнова - Алена Стрелецкая - Хожу на занятия пилатесом и йогой, и это изменило ...", "action_flag": 2, "change_message": "[{\"changed\": {\"fields\": [\"Image\"]}}]"}}, {"model": "admin.logentry", "pk": 43, "fields": {"action_time": "2024-09-25T10:13:32.582Z", "user": 1, "content_type": 10, "object_id": "2", "object_repr": "Мария Ковалёва - Виктория Валиева - Занятия тут — это невероятный способ снять стресс ...", "action_flag": 2, "change_message": "[{\"changed\": {\"fields\": [\"Image\"]}}]"}}, {"model": "admin.logentry", "pk": 44, "fields": {"action_time": "2024-09-25T10:13:37.008Z", "user": 1, "content_type": 10, "object_id": "1", "object_repr": "Анна Синицина - Милена Есенина - Я занимаюсь пилатесом в этой студии уже полгода, и...", "action_flag": 2, "change_message": "[{\"changed\": {\"fields\": [\"Image\"]}}]"}}, {"model": "auth.permission", "pk": 1, "fields": {"name": "Can add log entry", "content_type": 1, "codename": "add_logentry"}}, {"model": "auth.permission", "pk": 2, "fields": {"name": "Can change log entry", "content_type": 1, "codename": "change_logentry"}}, {"model": "auth.permission", "pk": 3, "fields": {"name": "Can delete log entry", "content_type": 1, "codename": "delete_logentry"}}, {"model": "auth.permission", "pk": 4, "fields": {"name": "Can view log entry", "content_type": 1, "codename": "view_logentry"}}, {"model": "auth.permission", "pk": 5, "fields": {"name": "Can add permission", "content_type": 2, "codename": "add_permission"}}, {"model": "auth.permission", "pk": 6, "fields": {"name": "Can change permission", "content_type": 2, "codename": "change_permission"}}, {"model": "auth.permission", "pk": 7, "fields": {"name": "Can delete permission", "content_type": 2, "codename": "delete_permission"}}, {"model": "auth.permission", "pk": 8, "fields": {"name": "Can view permission", "content_type": 2, "codename": "view_permission"}}, {"model": "auth.permission", "pk": 9, "fields": {"name": "Can add group", "content_type": 3, "codename": "add_group"}}, {"model": "auth.permission", "pk": 10, "fields": {"name": "Can change group", "content_type": 3, "codename": "change_group"}}, {"model": "auth.permission", "pk": 11, "fields": {"name": "Can delete group", "content_type": 3, "codename": "delete_group"}}, {"model": "auth.permission", "pk": 12, "fields": {"name": "Can view group", "content_type": 3, "codename": "view_group"}}, {"model": "auth.permission", "pk": 13, "fields": {"name": "Can add user", "content_type": 4, "codename": "add_user"}}, {"model": "auth.permission", "pk": 14, "fields": {"name": "Can change user", "content_type": 4, "codename": "change_user"}}, {"model": "auth.permission", "pk": 15, "fields": {"name": "Can delete user", "content_type": 4, "codename": "delete_user"}}, {"model": "auth.permission", "pk": 16, "fields": {"name": "Can view user", "content_type": 4, "codename": "view_user"}}, {"model": "auth.permission", "pk": 17, "fields": {"name": "Can add content type", "content_type": 5, "codename": "add_contenttype"}}, {"model": "auth.permission", "pk": 18, "fields": {"name": "Can change content type", "content_type": 5, "codename": "change_contenttype"}}, {"model": "auth.permission", "pk": 19, "fields": {"name": "Can delete content type", "content_type": 5, "codename": "delete_contenttype"}}, {"model": "auth.permission", "pk": 20, "fields": {"name": "Can view content type", "content_type": 5, "codename": "view_contenttype"}}, {"model": "auth.permission", "pk": 21, "fields": {"name": "Can add session", "content_type": 6, "codename": "add_session"}}, {"model": "auth.permission", "pk": 22, "fields": {"name": "Can change session", "content_type": 6, "codename": "change_session"}}, {"model": "auth.permission", "pk": 23, "fields": {"name": "Can delete session", "content_type": 6, "codename": "delete_session"}}, {"model": "auth.permission", "pk": 24, "fields": {"name": "Can view session", "content_type": 6, "codename": "view_session"}}, {"model": "auth.permission", "pk": 25, "fields": {"name": "Can add Тренер", "content_type": 7, "codename": "add_coach"}}, {"model": "auth.permission", "pk": 26, "fields": {"name": "Can change Тренер", "content_type": 7, "codename": "change_coach"}}, {"model": "auth.permission", "pk": 27, "fields": {"name": "Can delete Тренер", "content_type": 7, "codename": "delete_coach"}}, {"model": "auth.permission", "pk": 28, "fields": {"name": "Can view Тренер", "content_type": 7, "codename": "view_coach"}}, {"model": "auth.permission", "pk": 29, "fields": {"name": "Can add Занятие", "content_type": 8, "codename": "add_lesson"}}, {"model": "auth.permission", "pk": 30, "fields": {"name": "Can change Занятие", "content_type": 8, "codename": "change_lesson"}}, {"model": "auth.permission", "pk": 31, "fields": {"name": "Can delete Занятие", "content_type": 8, "codename": "delete_lesson"}}, {"model": "auth.permission", "pk": 32, "fields": {"name": "Can view Занятие", "content_type": 8, "codename": "view_lesson"}}, {"model": "auth.permission", "pk": 33, "fields": {"name": "Can add Абонемент", "content_type": 9, "codename": "add_subscription"}}, {"model": "auth.permission", "pk": 34, "fields": {"name": "Can change Абонемент", "content_type": 9, "codename": "change_subscription"}}, {"model": "auth.permission", "pk": 35, "fields": {"name": "Can delete Абонемент", "content_type": 9, "codename": "delete_subscription"}}, {"model": "auth.permission", "pk": 36, "fields": {"name": "Can view Абонемент", "content_type": 9, "codename": "view_subscription"}}, {"model": "auth.permission", "pk": 37, "fields": {"name": "Can add Отзыв на тренера", "content_type": 10, "codename": "add_coachfeedback"}}, {"model": "auth.permission", "pk": 38, "fields": {"name": "Can change Отзыв на тренера", "content_type": 10, "codename": "change_coachfeedback"}}, {"model": "auth.permission", "pk": 39, "fields": {"name": "Can delete Отзыв на тренера", "content_type": 10, "codename": "delete_coachfeedback"}}, {"model": "auth.permission", "pk": 40, "fields": {"name": "Can view Отзыв на тренера", "content_type": 10, "codename": "view_coachfeedback"}}, {"model": "auth.permission", "pk": 41, "fields": {"name": "Can add Расписание тренера", "content_type": 11, "codename": "add_lessoncoach"}}, {"model": "auth.permission", "pk": 42, "fields": {"name": "Can change Расписание тренера", "content_type": 11, "codename": "change_lessoncoach"}}, {"model": "auth.permission", "pk": 43, "fields": {"name": "Can delete Расписание тренера", "content_type": 11, "codename": "delete_lessoncoach"}}, {"model": "auth.permission", "pk": 44, "fields": {"name": "Can view Расписание тренера", "content_type": 11, "codename": "view_lessoncoach"}}, {"model": "auth.permission", "pk": 45, "fields": {"name": "Can add Приобретенный абонемент", "content_type": 12, "codename": "add_subscriptionclient"}}, {"model": "auth.permission", "pk": 46, "fields": {"name": "Can change Приобретенный абонемент", "content_type": 12, "codename": "change_subscriptionclient"}}, {"model": "auth.permission", "pk": 47, "fields": {"name": "Can delete Приобретенный абонемент", "content_type": 12, "codename": "delete_subscriptionclient"}}, {"model": "auth.permission", "pk": 48, "fields": {"name": "Can view Приобретенный абонемент", "content_type": 12, "codename": "view_subscriptionclient"}}, {"model": "auth.permission", "pk": 49, "fields": {"name": "Can add Запись на тренеровку к тренеру", "content_type": 13, "codename": "add_tickettolessoncoach"}}, {"model": "auth.permission", "pk": 50, "fields": {"name": "Can change Запись на тренеровку к тренеру", "content_type": 13, "codename": "change_tickettolessoncoach"}}, {"model": "auth.permission", "pk": 51, "fields": {"name": "Can delete Запись на тренеровку к тренеру", "content_type": 13, "codename": "delete_tickettolessoncoach"}}, {"model": "auth.permission", "pk": 52, "fields": {"name": "Can view Запись на тренеровку к тренеру", "content_type": 13, "codename": "view_tickettolessoncoach"}}, {"model": "auth.permission", "pk": 53, "fields": {"name": "Can add Контактная форма", "content_type": 14, "codename": "add_contactform"}}, {"model": "auth.permission", "pk": 54, "fields": {"name": "Can change Контактная форма", "content_type": 14, "codename": "change_contactform"}}, {"model": "auth.permission", "pk": 55, "fields": {"name": "Can delete Контактная форма", "content_type": 14, "codename": "delete_contactform"}}, {"model": "auth.permission", "pk": 56, "fields": {"name": "Can view Контактная форма", "content_type": 14, "codename": "view_contactform"}}, {"model": "auth.user", "pk": 1, "fields": {"password": "pbkdf2_sha256$870000$1dD1s4zTil4tyuNOeMzuCk$fOoNcwcKL2GwS+qhs5YKtJh+DX1NUE9Qj0cHy84Fmzo=", "last_login": "2024-09-23T08:38:46.355Z", "is_superuser": true, "username": "admin", "first_name": "", "last_name": "", "email": "", "is_staff": true, "is_active": true, "date_joined": "2024-09-23T08:38:40.251Z", "groups": [], "user_permissions": []}}, {"model": "contenttypes.contenttype", "pk": 1, "fields": {"app_label": "admin", "model": "logentry"}}, {"model": "contenttypes.contenttype", "pk": 2, "fields": {"app_label": "auth", "model": "permission"}}, {"model": "contenttypes.contenttype", "pk": 3, "fields": {"app_label": "auth", "model": "group"}}, {"model": "contenttypes.contenttype", "pk": 4, "fields": {"app_label": "auth", "model": "user"}}, {"model": "contenttypes.contenttype", "pk": 5, "fields": {"app_label": "contenttypes", "model": "contenttype"}}, {"model": "contenttypes.contenttype", "pk": 6, "fields": {"app_label": "sessions", "model": "session"}}, {"model": "contenttypes.contenttype", "pk": 7, "fields": {"app_label": "api", "model": "coach"}}, {"model": "contenttypes.contenttype", "pk": 8, "fields": {"app_label": "api", "model": "lesson"}}, {"model": "contenttypes.contenttype", "pk": 9, "fields": {"app_label": "api", "model": "subscription"}}, {"model": "contenttypes.contenttype", "pk": 10, "fields": {"app_label": "api", "model": "coachfeedback"}}, {"model": "contenttypes.contenttype", "pk": 11, "fields": {"app_label": "api", "model": "lessoncoach"}}, {"model": "contenttypes.contenttype", "pk": 12, "fields": {"app_label": "api", "model": "subscriptionclient"}}, {"model": "contenttypes.contenttype", "pk": 13, "fields": {"app_label": "api", "model": "tickettolessoncoach"}}, {"model": "contenttypes.contenttype", "pk": 14, "fields": {"app_label": "api", "model": "contactform"}}, {"model": "sessions.session", "pk": "ir6xsf77zr2v0k65k2fa0ook1osiyskk", "fields": {"session_data": ".eJxVjMsOwiAQRf-FtSGFMjxcuu83kGEGpWogKe3K-O_apAvd3nPOfYmI21ri1vMSZxZnocTpd0tIj1x3wHestyap1XWZk9wVedAup8b5eTncv4OCvXxrlzygUaRH1snngQCAsrHs1UgcVBiMD4EwoWanvXJoCRjBm6tzYFG8P9y6N60:1sseak:b3eSRMr-JM88qiIFt55IbZhjsENl47YoQgD9avA0U6g", "expire_date": "2024-10-07T08:38:46.358Z"}}, {"model": "api.lesson", "pk": 1, "fields": {"name": "Пилатес", "description": "Пилатес фокусируется на развитии силы, гибкости и контроля\r\n                    над телом, улучшая осанку и обеспечивая комплексную\r\n                    тренировку для всего тела", "image": "lessons/тренировки1.jpg"}}, {"model": "api.lesson", "pk": 2, "fields": {"name": "Йога", "description": "Йога сочетает физические постуки, дыхательные практики и\r\n                    медитацию, способствуя гармонии тела и ума, а также углубляя\r\n                    внутреннее спокойствие.", "image": "lessons/тренировки2.jpg"}}, {"model": "api.lesson", "pk": 3, "fields": {"name": "Силовая тренировка", "description": "Силовая тренировка направлена на развитие мышечной силы и\r\n                    выносливости с использованием свободных весов и тренажеров,\r\n                    что помогает улучшить общую физическую форму и укрепить\r\n                    мышцы", "image": "lessons/тренировки3.jpg"}}, {"model": "api.lesson", "pk": 4, "fields": {"name": "Растяжка", "description": "Растяжка помогает увеличить гибкость, улучшить подвижность\r\n                    суставов и снизить риск травм, а также способствует\r\n                    релаксации и восстановлению после интенсивных тренировок", "image": "lessons/тренировки4.jpg"}}, {"model": "api.lesson", "pk": 5, "fields": {"name": "Танцы", "description": "Занятия танцами — это веселый способ улучшить координацию,\r\n                    музыкальность и общее самочувствие, позволяя вам выразить\r\n                    себя через движение", "image": "lessons/тренировки5.jpg"}}, {"model": "api.lesson", "pk": 6, "fields": {"name": "TRX", "description": "Тренировки с TRX используют собственный вес тела для\r\n                    создания эффективных упражнений, развивающих силу,\r\n                    стабильность и выносливость, что делает занятия доступными\r\n                    для всех уровней подготовки", "image": "lessons/тренировки6.jpg"}}, {"model": "api.subscription", "pk": 1, "fields": {"name": "ГОДОВОЙ АБОНЕМЕНТ", "description": "Групповые тренировки\r\nВозможность получить консультацию по питанию\r\nЗаморозка на месяц\r\nКнига пп рецептов в подарок", "cost": 45000, "duration": "На один год"}}, {"model": "api.subscription", "pk": 2, "fields": {"name": "ПОЛУГОДОВОЙ АБОНЕМЕНТ", "description": "Групповые тренировки\r\nВозможность получить консультацию по питанию\r\nЗаморозка на месяц\r\nКнига пп рецептов в подарок", "cost": 30000, "duration": "На 6 месяцев"}}, {"model": "api.subscription", "pk": 3, "fields": {"name": "АБОНЕМЕНТ НА МЕСЯЦ", "description": "Групповые тренировки\r\nВозможность получить консультацию по питанию\r\nЗаморозка на месяц\r\nКнига пп рецептов в подарок", "cost": 6000, "duration": "На 1 месяц"}}, {"model": "api.coach", "pk": 1, "fields": {"name": "Милена Есенина", "description": "", "lesson": "ТРЕНЕР ПО ПИЛАТЕСУ", "image": "coaches/d2c25579-19bb-4b9a-ab2f-144655e0ecea.jpeg"}}, {"model": "api.coach", "pk": 2, "fields": {"name": "Виктория Валиева", "description": "", "lesson": "ТРЕНЕР ПО СИЛОВЫМ ТРЕНИРОВКАМ И TRX", "image": "coaches/ac456919-5cc9-49ac-991d-d4c0d25a0459.jpeg"}}, {"model": "api.coach", "pk": 3, "fields": {"name": "Алена Стрелецкая", "description": "", "lesson": "ТРЕНЕР ПО ЙОГЕ И РАСТЯЖКЕ", "image": "coaches/b4af033a-cc8a-40c4-9619-bcc611080732.jpeg"}}, {"model": "api.coach", "pk": 4, "fields": {"name": "Карина Осипова", "description": "", "lesson": "ТРЕНЕР ПО ТАНЦАМ", "image": "coaches/_Sophia_Miacova_.jpeg"}}, {"model": "api.coachfeedback", "pk": 1, "fields": {"client_name": "Анна Синицина", "body": "Я занимаюсь пилатесом в этой студии уже полгода, и\r\n                        результаты превзошли все ожидания! Я чувствую себя\r\n                        сильнее, гибче и увереннее в себе. Инструкторы очень\r\n                        внимательные и всегда поддерживают!", "coach": 1, "image": "feedback/отзыв5_Y73M6UO.jpeg"}}, {"model": "api.coachfeedback", "pk": 2, "fields": {"client_name": "Мария Ковалёва", "body": "Занятия тут — это невероятный способ снять стресс и\r\n                        подкачать физическую форму! В этой студии атмосфера\r\n                        дружелюбная, и занятия всегда проходят весело. Я не\r\n                        могла представить, что можно так наслаждаться\r\n                        тренировками!", "coach": 2, "image": "feedback/отзыв4_GnhTCZP.jpeg"}}, {"model": "api.coachfeedback", "pk": 3, "fields": {"client_name": "Ольга Смирнова", "body": "Хожу на занятия пилатесом и йогой, и это изменило мою\r\n                        жизнь! Я стала более гибкой, а моя осанка улучшилась.\r\n                        Спасибо за чудесную атмосферу и поддержку!", "coach": 3, "image": "feedback/отзыв3_QbKqHm7.jpeg"}}, {"model": "api.coachfeedback", "pk": 4, "fields": {"client_name": "Светлана Рыбакова", "body": "Силовые тренировки в этой студии помогли мне наконец\r\n                        достичь желаемых результатов. Я почувствовала, как моя\r\n                        сила и выносливость растут с каждой неделей. Отличные\r\n                        тренеры, которые подсказывают и мотивируют!", "coach": 2, "image": "feedback/отзыв2_90GYY6R.jpeg"}}, {"model": "api.coachfeedback", "pk": 5, "fields": {"client_name": "Елена Петрова", "body": "Занятия в этой студии — это настоящий путь к гармонии. Я\r\n                        заметила, как улучшилось мое дыхание и общее\r\n                        самочувствие. Каждое занятие наполняет позитивной\r\n                        энергией и умиротворением", "coach": 4, "image": "feedback/отзыв1_Q4bxBWk.jpeg"}}, {"model": "api.lessoncoach", "pk": 1, "fields": {"lesson": 4, "coach": 3, "start_time": "09:00:00", "end_time": "10:30:00", "available_slots": 4, "day_of_week": "Понедельник"}}, {"model": "api.lessoncoach", "pk": 2, "fields": {"lesson": 1, "coach": 1, "start_time": "19:00:00", "end_time": "20:30:00", "available_slots": 5, "day_of_week": "Понедельник"}}, {"model": "api.lessoncoach", "pk": 3, "fields": {"lesson": 6, "coach": 2, "start_time": "09:00:00", "end_time": "10:30:00", "available_slots": 5, "day_of_week": "Вторник"}}, {"model": "api.lessoncoach", "pk": 4, "fields": {"lesson": 1, "coach": 1, "start_time": "15:00:00", "end_time": "16:30:00", "available_slots": 5, "day_of_week": "Вторник"}}, {"model": "api.lessoncoach", "pk": 5, "fields": {"lesson": 4, "coach": 3, "start_time": "19:00:00", "end_time": "20:30:00", "available_slots": 5, "day_of_week": "Вторник"}}, {"model": "api.lessoncoach", "pk": 6, "fields": {"lesson": 2, "coach": 3, "start_time": "09:00:00", "end_time": "10:30:00", "available_slots": 5, "day_of_week": "Среда"}}, {"model": "api.lessoncoach", "pk": 7, "fields": {"lesson": 3, "coach": 2, "start_time": "15:00:00", "end_time": "16:30:00", "available_slots": 5, "day_of_week": "Среда"}}, {"model": "api.lessoncoach", "pk": 8, "fields": {"lesson": 1, "coach": 1, "start_time": "19:00:00", "end_time": "20:30:00", "available_slots": 5, "day_of_week": "Среда"}}, {"model": "api.lessoncoach", "pk": 9, "fields": {"lesson": 2, "coach": 3, "start_time": "09:00:00", "end_time": "10:30:00", "available_slots": 5, "day_of_week": "Четверг"}}, {"model": "api.lessoncoach", "pk": 10, "fields": {"lesson": 3, "coach": 2, "start_time": "19:00:00", "end_time": "20:30:00", "available_slots": 5, "day_of_week": "Четверг"}}, {"model": "api.lessoncoach", "pk": 11, "fields": {"lesson": 5, "coach": 4, "start_time": "09:00:00", "end_time": "10:30:00", "available_slots": 5, "day_of_week": "Пятница"}}, {"model": "api.lessoncoach", "pk": 12, "fields": {"lesson": 6, "coach": 2, "start_time": "15:00:00", "end_time": "16:30:00", "available_slots": 5, "day_of_week": "Пятница"}}, {"model": "api.lessoncoach", "pk": 13, "fields": {"lesson": 4, "coach": 3, "start_time": "19:00:00", "end_time": "20:30:00", "available_slots": 5, "day_of_week": "Пятница"}}, {"model": "api.lessoncoach", "pk": 14, "fields": {"lesson": 4, "coach": 3, "start_time": "09:00:00", "end_time": "10:30:00", "available_slots": 5, "day_of_week": "Суббота"}}, {"model": "api.lessoncoach", "pk": 15, "fields": {"lesson": 5, "coach": 4, "start_time": "15:00:00", "end_time": "16:30:00", "available_slots": 5, "day_of_week": "Суббота"}}, {"model": "api.lessoncoach", "pk": 16, "fields": {"lesson": 6, "coach": 2, "start_time": "19:00:00", "end_time": "20:30:00", "available_slots": 5, "day_of_week": "Суббота"}}, {"model": "api.lessoncoach", "pk": 17, "fields": {"lesson": 5, "coach": 4, "start_time": "09:00:00", "end_time": "10:30:00", "available_slots": 5, "day_of_week": "Воскресенье"}}, {"model": "api.lessoncoach", "pk": 18, "fields": {"lesson": 1, "coach": 1, "start_time": "15:00:00", "end_time": "16:30:00", "available_slots": 5, "day_of_week": "Воскресенье"}}, {"model": "api.lessoncoach", "pk": 19, "fields": {"lesson": 3, "coach": 2, "start_time": "19:00:00", "end_time": "20:30:00", "available_slots": 5, "day_of_week": "Воскресенье"}}, {"model": "api.tickettolessoncoach", "pk": 1, "fields": {"lesson_coach": 1, "client_name": "Вася Пупкин"}}, {"model": "api.subscriptionclient", "pk": 1, "fields": {"client_name": "Вася Пупкин", "client_email": "vasya@vasya.vasya", "subscription": 2}}]